first_name,last_name,current_school,previous_schools,position,twitter
Brent,Dearmon,FAU,Northern Alabama,Head Coach,@BrentDearmon
Marc,Bacote,Hampton University,Air Force,WR COACH,@MarcBacote
Darrick,Yray,FLORIDA STATE,UCLA,Recruiting Director,@dyray22
Justin,Walterscheid,BYU,Southern Utah; UNIV. OF NORTHERN COLORADO,Assistant Head Coach | Offensive Coordinator/QB's,@CoachJdubb12
Nick,Toth,Air Force,Kansas State,Safeties and Nickels,
Joe,Moorhead,UNIVERSITY OF AKRON,Akron,Head Coach,@ballcoachjoemo
Sean,Goldrich,University of Delaware,Delaware,Quarterbacks Coach RecruitingCA,@CoachGoldrich
PAT,LAMBERT,CINCINNATI,Wisconsin,Director of recruiting,@PatLambert13
Caleb,Duckett,UNIVERSITY OF AKRON,Akron,Recruiting/Dir of Player Personnel,@CoachKlineAlex
Garett,Tujague,University of Virginia,Virginia; NC State,OL,@Coach2j
Anthony,Leonard,Fordham,Fordham University; Akron,Recruiting coordinator,@CELL
Spencer,Patterson,UNIV. OF NORTHERN COLORADO,BYU; Northern Colorado,Assistant Coach,@Patterson_spenc
Preston,Hadley,UNIV. OF NORTHERN COLORADO,BYU,Assistant Coach,@CoachPHadley
Ryan,Grubb,Alabama,UNIV. OF ALABAMA,Offensive Coordinator,
Bryan,Ellis,UNIV. OF ALABAMA,Alabama,Assistant Coach,
Brett,Bartolone,Nevada,Colorado,TE'S,@CoachBartolone
Jim,Mastro,Oregon,UNIV. OF NEVADA,RB Coach/Run Game Coordinator,
Kane,Wommack,Alabama,UNIV. OF ALABAMA,Defensive Coordinator,
Robert,Gillespie,Alabama,UNIV. OF ALABAMA,Assistant Head Coach/Running Backs,
Brian,Odom,Oklahoma,Washington; UNIV. OF WASHINGTON,Inside LB,
Tyson,Brown,Mississippi State,Colorado State,Head S&C Coach,
Clay, McGuire,Texas Tech,USC,Offensive Line Coach,@ClayMcGuireTTU
Eric,Mele,James Madison,Mississippi State,Assistant Special Teams Coach,@STCoachMele
Kevin, Cummings,Arizona,Washington; UNIV. OF WASHINGTON,Wide receiver coach,@Coach_KC84
Jason,Jones,Alabama,UNIV. OF ALABAMA,Defensive Backs,
Maurice,Linguist,Alabama,Buffalo; UNIV. OF ALABAMA,Co-Defensive Coordinator/Defensive Backs,@CoachMoLinguist
Chuck,Morrell,UNIV. OF ALABAMA,Alabama,Assistant Coach,
Jay,Nunez,Alabama,UNIV. OF ALABAMA,Special Teams Coordinator,
Oscar,Giles,Texas,Wyoming; Houston,Offensive Tackles,@OscarGiles95
Chris,Kapilovic,UNIV. OF ALABAMA,Alabama,Assistant Coach,
Christian,Robinson,Alabama,UNIV. OF ALABAMA,Outside Linebackers,
Assistant,Athletic Trainer,Arizona,Texas State; Delta State; Colorado Mesa; Lincoln (MO),jpetersen2@arizona.edu,
Freddie,Roach,Alabama,UNIV. OF ALABAMA,Associate Head Coach/Defensive Line,
Tyler,Walker,Temple,Montana State,Offensive Coordinator / Quarterbacks,@coachtwalker
Tony,Washington,Coastal Carolina Football,Liberty,Wide Receivers,@Tony_TDUB
Jeff,Allen,UNIV. OF ALABAMA,Alabama,Sports Medicine,
David,Ballou,Alabama,UNIV. OF ALABAMA,"Director, Sports Performance",
Courtney,Morgan,UNIV. OF ALABAMA,Alabama,General Manager/Football,
Bob,Welton,Alabama,UNIV. OF ALABAMA,"Director, Player Personnel",
Daryl,Dixon,Army,ARMY WEST POINT,Defensive Coordinator,
Sean,Saturnio,Army,ARMY WEST POINT,Special Teams Coordinator,
Mike,Viti,Army,ARMY WEST POINT,Associate Head Coach / Offensive Line,
John,Loose,Army,ARMY WEST POINT,Assistant Head Coach / Outside Linebackers,
Cheston, Blackshear,Army,ARMY WEST POINT,Assistant Offensive Line,
Chandler,Burks,ARMY WEST POINT,Army,Assistant Coach,
Aaron,Smith,ARMY WEST POINT,Army,Assistant Coach,
Justin, Weaver,Army,ARMY WEST POINT,Inside Linebackers,
Ryan,Starace,Army,ARMY WEST POINT,Offensive Quality Control,
Cody,Worley,Army,ARMY WEST POINT,Offensive Coordinator / Quarterbacks,
Kyle,Highland,Army,Iowa State; Iowa State Cyclones,"Assistant Director, Football Operations",@KHigh4Cy
Scotty,Ohara,UTEP,Kansas State,Wide receivers coach,@Coach_ScottyO ( follows)
PJ,Minaya,Hawaii,UNIV. OF HAWAII,Offensive GA to Defensive Analyst (Corners),@coach_minaya
Billy,High,North Carolina,Tennessee; UNC Chapel Hill,Director of Internal and Advanced scouting,@billy_high
Saga,Tuitele,Army,ARIZONA STATE UNIV,Offensive Line,@CoachTuitele
Dave,Aranda,Baylor,BAYLOR UNIV.,Head Coach,@coachdavearanda
Matt,Powledge,Baylor,BAYLOR UNIV.,Defensive Coordinator (Safeties),
Mark,Scott,Baylor,BAYLOR UNIV.,Special Teams Coordinator,@coachmcscott
Dallas,Baker,Baylor,BAYLOR UNIV.,Assistant Coach (Wide Receivers),@coachdbaker81
Braxton,Harris,Campbell,CAMPBELL UNIV.,Recruiting Coordinator,@Coach_BHarris
Jeremy,Hawkins,Eastern Kentucky,Syracuse,Defensive Run Game Coordinator/DL Coach,@CoachJHawkins
Rhett,Holcomb,Baylor,BAYLOR UNIV.,Assistant Coach (Quarterbacks),@coachrholcomb
Larry,McDonald,Baylor,BAYLOR UNIV.,Assistant AD | Football Recruiting,@LarryBaylorFB
Connor,Killian,Baylor,North Texas,Director of Football Strategy,@coachckillian
Adrian,Riley,Adams State University,Adams State; ARKANSAS TECH. UNIV.,Recruiting   | Offensive Coordinator  | QBS,@CoachRiley
Ryan,Pollard,Baylor,BAYLOR UNIV.,Quality Control,
Chad,Bumphis,UTAH,Utah,Wide receivers coach,@_CoachBump
Spencer,Danielson,Boise State,BOISE STATE UNIVERSITY,Head Coach,@coach_sd
Tony,  Spencer,Idaho,North Carolina Central,Tight ends,@CoachT_Spencer
Michael,McGee,CENTRAL MICHIGAN UNIVERSITY,ANDERSON UNIVERSITY (SC),Recruiting (HS & Other),@CoachMikeMcGee
Ean,Deno,North Dakota State,Northwestern,Director of Football Recruiting,@CoachDeno
Sam,King,North Dakota,TCU,Wide receivers coach,@SamKing10
Joshua,Keola Omura,Arizona,University of Washington,recruiting,@coachOmura
Luke,Hyde,Washington State,Colorado State,Offensive Line coach,@CoachLHyde
James,Montgomery,Fresno state,BOISE STATE UNIVERSITY,Recruiting Coordinator/Running Backs),@CoachJMont
Cody,Hawkins,Idaho State,UC Davis; IDAHO STATE UNIV.,Head Coach,@CodyHawkins
Jackson,Mcsherry,Harvard,Harvard University; Boston College,Defensive Quality Control,@CoachMcSherry
Silas,Clapham,Hawaii,Washington,Director of Player Personnel,@UH_SClapham
Manako,Tuifua,NORTHERN ARIZONA UNIVERSITY,Texas A&M University‚ÄìKingsville; Lane College,Assistant Coach,@coachJTaylor8
Football,Phone,APPALACHIAN ST. UNIV.,AUSTIN PEAY STATE UNIVERSITY,Assistant Coach,
Jeff,Faris,AUSTIN PEAY STATE UNIVERSITY,Duke; UCLA,Head Coach,@CoachFarisAPSU
Todd,Gilcrist Jr.,Holy Cross,University of Chicago,Head Coach,@HC_coachtoddgil
Tony,White,Syracuse,Florida State,Defensive Coordinator / LB'S,@fsucoachtw
Adam,Gajo,CATAWBA COLLEGE,Drake,Assistant Coach,@Adam Gajo (follows)
Larry,Black,Toledo,Vanderbilt University,Dline,@COACH_LBJ_
Samie,Parker,Rice,Northern Alabama; DELAWARE STATE UNIV.,WRS,@SAMIEPARKER
Michael,O?Guin,Sam Houston State University,Texas State,Defensive Tackles / Defensive Recruiting Coordinator,@CoachMikeOG
Brandon,Blackmon,New Mexico,Tennessee Tech; DELAWARE STATE UNIV.,Corner Backs,@CoachBBlackmon
Sean,Cronin,Central Michigan,Army,Defensive Coordinator/Linebackers Coach,@CoachSeanCronin
Denver,Johnson,Lindenwood,Tulsa,OL,@BallCoachDenver
Eric,Amoako,Baylor,Washington; CAMPBELL UNIV.,Assistant Dbs,@CoachEAmoako
Eddie,George,BOWLING GREEN ST. UNIV.,Bowling Green,Head Coach,@EddieGeorge2727
Greg,Nosal,BOWLING GREEN ST. UNIV.,Bowling Green,Assistant Coach,@CoachGregNosal
Alex,Bayer,Bowling Green,BOWLING GREEN ST. UNIV.,Special Teams Coordinator,@CoachBayer_
Dewayne,Alexander,BOWLING GREEN ST. UNIV.,Bowling Green,Assistant Coach,@Official_CoachA
Joe,Bowden,BOWLING GREEN ST. UNIV.,Bowling Green,Assistant Coach,@coachbowdown58
Luke,Walerius,North Texas,NORTHWESTERN UNIV.; Northwestern,Chief of Staff,@LukeWaleriusUNT
Jeff,Monken,ARMY WEST POINT,Army,Head Coach,
Noah,Pauley,PENNSYLVANIA STATE UNIV.,Cell: (701) 318-4888,WR'S,@Coach_NPauley
Gary,Cioffi,Louisiana Tech,Charlotte,QBS,@CioffiGary
Andrea,Perry,|  @StetsonFootball,Maine| Stetson|; North Carolina Central,Director of Football Operations,@dredayFBO
James,Finley,Colorado State,Oregon State,TE'S,@CoachFin_
Jordan,Smith,James Madison,Holy Cross; UCLA,Senior Director of Football Operations,@JTSmith1254
Keith,Price,Boise State,IDAHO STATE UNIV.,Recruiting Assistant WR'S,@17keithprice
Derrick,Jackson,BOWLING GREEN ST. UNIV.,Bowling Green,Assistant Coach,@Coach_Jackson
Richard,McNutt,BOWLING GREEN ST. UNIV.,Bowling Green,Assistant Coach,@CoachMcNutt
Chad,Scott,West Virgina,West Virginia; Liberty,Co Offensive Coordinator/ RUnning backs,@CoachChadScott
James,Curlee,UNIV. OF CENTRAL OKLAHOMA,University of Central Oklahoma,Assistant Coach,@Coach_Curlee
Brian,White,BOWLING GREEN ST. UNIV.,Bowling Green,Sr Analyst/RB,@CoachBWhite7
Loren,Endsley,Ohio,University of Minnesota-Duluth,Assistant Offensive Line Coach at Ohio University.,@CoachEndsley77
Kyle,Pollock,Temple,Ohio,Assoc. GM for Personnel and Roster Management,@kylepollockfb
Kelvin,Smith,The University of North Texas,Dartmouth,Offensive Graduate Assistant / WRs,@CoachKSmith__
Jay,Anderson,Yale University,UConn,Defensive Backs Coach,@coachjjanderson
Jack,Bilek,Bowling Green,BOWLING GREEN ST. UNIV.,Assistant Director of Football Operations,
Bart,Tanski,Robert Morris,Kent State,Current Safeties Coach & Recruiting Coordinato,@FlashTanski
Jalen,Banks,Fordham University,INDIANA ST. UNIV.,Cali recruiting,@CoachJayBanks
Cliff,Odom,Mississippi State,New Mexico State,Assistant Football Coach (Special Teams Coordinator ),@coachcliffodom
Da'Von,Brown,Western Kentucky,Ole Miss,Assistant Coach ‚Äì Co-Defensive Coordinator/Defensive Backs,@CoachDBrown27
Mike,Johnson,Syracuse,Dartmouth,Wide Receivers Coach,@WRCoachmj
Camden, Dietz,Bowling Green,BOWLING GREEN ST. UNIV.,Director of Player Personnel/Recruiting Coordinator,@CamdenDietz
HARRY,Willams JR,Alabama State University,Alabama State,OFFENSIVE COORDINATOR,@WilliamsJrHarry
Coach,Phone,SAN DIEGO STATE,AMERICAN INTERNATIONAL COLLEGE; UNIV. OF ALABAMA; CENTRAL CONNECTICUT ST. UNIV.; BEMIDJI STATE UNIVERSITY; UTAH STATE UNIVERSITY; SAN JOSE STATE UNIVERSITY,Assistant Coach,
JaMarcus,Shephard,Purdue,University of Washington; UNIV. OF ALABAMA; Oregon State,Co-OC/WR Coach,@CoachShephard
Drew,Casa,West Virginia,Troy,Recruiting Assistant,@DrewCasa_
DEL,ALEXANDER,Notre Dame,UNIV. OF NEVADA,WIDE RECEIVERS COACH,
Landan,Yount,Dartmouth,Middle Tennessee,Director of Recruiting,@LandanYount
Christian,Dukes,Central Michigan,Youngstown State,Cornerbacks Coach,@coachdukes_
Jovon,Hubbard, AUBURN UNIV,Liberty,Jovon Hubbard,@Coach_Hubb85
Drew,Gray,Samford,Northwestern,Corners Coach - Samford University ? 2022 SoCon,@CoachDrewGray
Miguel,?Michael? Avi√ía,Austin Peay,UTEP,Offensive Graduate Assistant- QBs,@Coach_Avina
Garrett,Smith,University of Delaware,Delaware,Assistant Coach,@smith_gs13
JB,Hall Jr,Utah Tech,UNIV. OF NORTHERN COLORADO,Defensive Pass Game Coordinator,@CoachJBHall
Adam,Pilapil,Colorado State,Wake Forest,"olorado State LBs. OTM. LTFG. Recruiting Orange County, PNW",@Adam_Pilapil
Ryan,Lindley,SAN DIEGO STATE,San Diego State,Offensive Coordinator/QB Coach,@PHONE #
Jimmy,Champion,FERRIS STATE,Bemidji State University,D Coordinator,@CoachJChamp
DELVAUGHN,ALEXANDER,NOTRE DAME,UNLV,WR COACH,@dalex333
Assistant,Equipment Manager,California,Minnesota,tskogerboe@berkeley.edu,
JOHN,RICHARDSON,Washington State,UNIV. OF WASHINGTON; Washington,CORNERBACKS COACH,@COACHJRICH
Zach,Martin,NORTHWESTERN UNIV,Northwestern,Recruting | WRS,@zmart_15
Grant,Torgerson,CENTRAL WASHINGTON UNIV.,Central Washington University,Assistant Coach,@CoachT_CWU
Kevin,Callahan Jr.,MONMOUTH UNIVERSITY,Monmouth,Assistant Coach,@Coach_KCal
Matt,Drinkall,Central Michigan,CENTRAL MICHIGAN UNIVERSITY,Head Coach,@DrinkallCoach
Jim,Chapin,Central Michigan,Eastern Washington,Offensive Coordinator/Quarterbacks Coach,@coachchapin
Kamau,Dumas,Wagner,MONMOUTH UNIVERSITY,DBS,@CoachKDumas
Hayden,Mace,Central Michigan,Eastern Washington; Eastern Washington University,Offensive Line Coach,@coachhaydenmace
Keith,Murphy,Central Michigan,CENTRAL MICHIGAN UNIVERSITY,Special Teams Coordinator,@coachmurphy87
Jack,McDaniels,Georgetown University,Central Michigan,California Recruiting,@jackwmcdaniels
Nolan,Jones,Central Michigan,APPALACHIAN ST. UNIV.,Director of Analytics,
Quinn,Billerman,Duke University,Jackson State; AUSTIN PEAY STATE UNIVERSITY,QB Coach| WRs Offensive Graduate Assistant -,@qbill_8
Bryce,Erickson,UNIV. OF MONTANA,Montana,Assistant Coach,@CoachBErickson
Brent,Pease,UNIV. OF MONTANA,Montana,Assistant Coach,@CoachPease
Kalen,DeBoer,UNIV. OF ALABAMA,Alabama,Head Coach,
Raj,Murti,TCUFootball,Houston,Recruiting Coordinator,@rajesh_murti
Allen,Perryman,Sacramento State,Sacramento State Football,Safeties Coach,@Allen_Perryman
Alvance,Robinson,Gardner-Webb,Garden Webb,WR coach,@Alvance_Rob
Andrew,Kendall,Utah Tech,Stephen F. Austin,Football Operations/ Recruiting Assistant|,@Andrew_Kendall Follows you
Adam,Chicoine,Wesleyan University,Colby,Defensive Coordinator / LB'S,@CoachSheeks
Aaron,Prie,Fresno State,Eastern Washington University,"Running Backs Coach, Offensive Recruiting Coordinator, and Community Relations",@CoachPrier
Albert,Garcia,Stanford,Fresno state,Recruiting Coordinator,@Albert_garciafb
Albert,Karschnia,University of Michigan,Central Michigan,Director of player personnel,@AKarsch_UM
Alex,Brown,Ole Miss,SMU,Director of Scouting,@alexm_brown
Alonzo,Carter,Arizona,San Jose State,Recruiting coordinator,@RealCoachCarter
Andrew,Liacopoulos,Temple,Colorado Sate,Director of Player Personnel,@arl_football
A'lique,Terry,Oregon,Hawaii,Offensive Line,@105CoachTerry
Aaron,Winchester,Houston Christian,Houston Christian University.,Running Backs Coach,@CoachAWin
AJ,Cooper,Sacramento State,Oregon State; ARIZONA STATE UNIV,DB GA,@FBCOOPOSU
Ahmaad,Smith,Dartmouth,Dartmouth College,Defensive Backs-Nickels Coach,@CoachAhmaadS
Alphonso,Belnavis,Bates College,Bates,California recruiting,@CoachBelnavis
Andre,Allen,Ohio,UC Davis,Wide receivers coach,@CoachDreAllen26
Anthony,Tucker,Mississippi State,Utah State,rbs,@AnthonyJTucker
Armon,Binns,Northwestern,NORTHWESTERN UNIV.; Youngstown State; Cincinnati,Wide Receivers Coach,@alex_knize
Andy,Byron,MIT,MASSACHUSETTS INST. OF TECH. (MIT),Assistant Coach (Defensive Line),@(Cell phone)
Andrew,Seumalo,Lafayette College,Lafayette,Recruting Coordinator,@coachseumalo
Blake,Littman,Indiana University Bloomington,Indiana,Recruiting Assistant,@Blake_Littman
Boris,Gony,Southern Utah,Southern Utah University,Defensive Graduate Assistant,@GonyBoris
Brandon,Gamel,Colorado School of Mines,Northern Colorado,| Defensive Assistant Coach |,@CoachGamel
Brandon,Kronethal,University of Colorado Boulder,University of Colorado Football,Recruiting Assistant,@bkronethal
Armond,Hawkins,Arizona,Colorado Boulder; North Carolina,Assistant Director of High School Relations,@Ballhawk__8
Austin,Herink,Nebraska,College__c,Associate Director of Football Operations,@aherink_07
Artie,Asselta,Fordham University,Fordham,Associate Head Coach WR's,@ArtAsselta
Austin,Brown,Eastern Oregon University,Southern Oregon; BEMIDJI STATE UNIVERSITY,Offensive coordinator,@coachabrown1
Austin,Davis,Northern Arizona,Duke,OL  Coach,@CoachA_Davis
Ben,Blake,Black Hills State,Black Hills State University,Offensive Line / OC,@coachBenBlake
BJ,Edmonds,Duke University,Utah State,Defensive Recruiting Analyst,@CoachBJEdmonds
Blair,Cavanaugh,Incarnate Word,Syracuse,. Special teams,@CoachCav10
Boyer,Bouman,Southwest Minnesota State University,South Dakota,QBS/Offensive Quality Control,@CoachBouman
Brad,Glenn,Virginia Tech,Georgia State,Offensive Coordinator,@Coachbg_qb
Brandon,Bowling,Utah State,Southern Miss,| Offensive Graduate Assistant | Wide Receivers,@bowling_brandon
BRANDON,JOINER,Arkansas State,Arkansas State University,Defensive Line Coach,@Coach_Joiner
Brandon,Perkins,Adams State University,Adams state,Defensive backs coach,@Coach_BPerkins
Brennan,Marion,University of Texas at Austin,Pittsburgh; Pittsburg; Colorado,Passing Game Coordinator/Wide Receivers,@BrennanMarion4
Brent,Bassham,Colgate,Colgate University,Qbs,@Brent Bassham
Anthony,Jones,Lindenwood,San Jose State,Recruiting Coordinator & Running Backs Coach,@CoachAntJones36
Alex,Horvatits,Johns Hopkins University,John Hopkins,Wide Receivers Coach,@CoachHorvatits
Brian,Norwood,Navy,UCLA; TCU,DB'S,@brain_ohana5
Julius,Brown,Fresno state,Washington; TCU,Cornerbacks,@CoachJuice6
Carson,Casarahi,Western Kentucky,Western Kentucky Football,Offensive Assistant,@CCasarahi
Brian,Reader,Northern Colorado,v; Louisville,Running backs,@coach_reader
Chase,Venuto,Cornell University,? Cornell University ?,Recruiting assistant,@CoachVenuto
Chris,Silva,Marian University ‚Äì Indiana,Marian,RB'S,@CoachSilva_MU
Brian,Stoldt,Kansas,University of Kansas Football,Defensive Graduate Assistant,@BrianStoldt
Coach,Casteel üèà,Southern Utah,Southern Utah University,Defensive Analyst/Assistant Defensive Backs Coach |,@Gcasteel16
Coach,David Mertens,Lamar,Lamar University Football,| RB‚Äôs | Operations,@coachmertensLU
Coach,DeSanti,Chadron State College,Chadron State,Recruiting Coordinator,@Coach_DeSanti
Chaz,Davis,Michigan State University,NAU,Director of Player Personnel,@BigEasyBallerCD
Chris,Watts,Davidson College,@DavidsonFB,Safeties,@coachwatts24
Chris,Smith,James Madison,College of the Holy Cross; Holy Cross; UCLA,Offensive Line/Run Game Coordinator,@Coach_Smith61
Bryan,Mills,Eastern Oregon University,Eastern Oregon,Defensive Coordinator,@coachbryanmills
Bryant,Thomas,Portland State,PSU,"WRS, RC",@wazzubt1993
C.J., Ah You,Texas Tech,USC,Outside Linebackers Coach,@coachahyou
Caleb,Cox,Eastern Kentucky,@EKUFootball,WR COACH,@Cox83Caleb
Cameron,Lemons,Arizona,The University of Arizona,Coordinator of Recruiting Strategy,@_camlemons
Carter,Jones,Georgia Tech,@GeorgiaTechF,Recruiting Specialist,@CoachCarterJ
Chevis,Jackson,Marshall,Kansas; Wake Forest,DB COACH,@Co_Jackson21
Coach,Chris Ortiz-Torres,Keiser University,Hawaii,Passing game coordinator,@_OrtizTorres
Coach,Field,Miami (FL),THE University of Miami,TE‚Äôs coach,@CoachField
Coach,Lucas Reed,Rice University,Rice University Football,| Offensive Quality Control/QBs |,@lucasreed12
Custavious,Patterson,Rhode Island,University of Rhode Island,Wide Receivers Coach,@CustaviousP
Delvin,Jones,Texas A&M,Fordham; Fordham University,Director of External Football Operations,@DJOpsPro
Coach,Lynn Nutt,Pittsburg State University,Dordt University,"Asst. Head Coach; Defensive Coordinator, Defensive Line",@_CoachNutt
DIMITRI,DONALD,Kansas State,University of Central Oklahoma,Recruiting Coordinator / Tight Ends/FB'S,@_CoachDonald
David,Cooper,Louisville,Georgia,Recruiting Coordinator,@louisville
Dominick,Orsini,Ashland University,Ashland,Defensive Backs Coach / Recruiting Coordinator,@Coach_Orsini
Dan,Swanstrom,University of Pennsylvania,The University of Pennsylvania,Offensive Coordinator/QB's,@DanSwanstrom
Colin,Spencer,Florida Atlantic,Rice University; Rice University Football,Assistant Outside Linebacker / Edge Coach,@faucoachspencer
Corey,Newsome,Lindenwood,Lindenwood University,Defensive Analyst / Defensive Backs,@CoachNewsome18
Cory,Martin,Wake Forest University,New Mexico State,Personel /Recruiting Assistant,@CoachCoryMartin
Danny,Payne,Navy,The Naval Academy,Director of Recruiting,@DannyPayneNavyD
Darius,Hicks,Southeast Missouri State,Morningside College,Defensive backs,@D_Hicks_
Darrell,Bryant,University of Colorado Boulder,Colorado,Lead Recruiting Director,@djbryant13
David,Kelly,University of Colorado Boulder,FAU; Colorado,Coordinator of Player Personnel,@coachdavidkelly
David,Kunyz,Monmouth,Monmouth University,Defensive Line,@coachkunyz
David,Orloff,Kansas State,@KStateFB,Defensive Analyst,@CoachOrloffKSU
Derek,Warehime,New Mexico  Lobos,New Mexico,Offensive Coordinator,@IG:coachderekwarehime
Devin,Watson,Wofford,TNTechFootball,Corners Coach- AST Recruiting,@CoachWatson_24
Donnel,Pumphrey Jr.,Sacramento State,San Diego State,RB Coach,
Donn,Landholm,Tulane University,Houston,Director of Recruiting Operations,@LandholmDR
Drake,Smithton,Houston Christian,HBU,QB Coach,@drake_smithton
Eric,Terraza,Indiana Wesleyan University,Indiana Wesleyan,California recruiting,@CoachTraz
Gray,Curtis,New Mexico,UNM,OL -GA,@CoachCurtisUNM
Drew,Smith,Minnesota,Northwestern,Operations & Recruiting Assistant,@Smith_D55
Ian,O'Malley,Bryant,@BryantUFootball,Defensive Quality Control Analyst,@CoachOMalley_
Emily,Muse,Eastern Kentucky,Eastern Kentucky University,Director of Football Recruiting Operations,@Emily_muse0305
Garrett,Myers,NEW MEXICO HIGHLANDS UNIV.,New Mexico Highlands,OL Coach & Recruiting Coordinator,@CoachMyers80
Grant,Miller,Liberty,r Liberty University!,Assistant Director of Player Personnel,@G_miller11
Dylan,Autenrieth,Vanderbilt University,Colorado State,Offensive GA,@AUTENRIETH21
Greg,Frantz,Lafayette College,Muhlenberg; Lafayette,Recruiting Coordinator,@Coach_Frantz
LaMar,Morgan,Ragin Cajun,Michigan,DB COACH,@CoachLMorgan
Edgar,Weiser,Carson‚ÄìNewman University,Mississippi College; CARSON-NEWMAN UNIV.,/Recruiting,@EdgarWeiser
Elijah,Miller,ELF,NAU,QBs/WRs Grad Assistant,@Coach_EMiller7
Eric,Mathies,LIU[e],Long Island University; Memphis; Southern Miss,Defensive Line Coach/Asst. Head Coach,@CoachMathies
Eric,Bunker,Brown University,Brown,WR coach,@Coach_Bunk
Frank,Leonard,Boston College,Colorado State,Director of Recruiting,
Garrett,Robinson,San Diego,University of San Diego,Outside Linebackers,@CoachGRobusd
Grant,Yaklin,Central Michigan,CMU,Graduate Assistant,@grantyaklin
Greg,"Harbaugh, Jr.",Minnesota,The University of Minnesota -,TE Coach,@CoachHarbaugh
Harrison,Beemiller,Northern Arizona,NAU,Nickels coach,@coachHbeemiller
Hudson,Alexander,Norfolk State,Norfolk State University,Offensive Assistant,@CoachHudNSU
Ian,Cormier,Stephen F. Austin,SFA Football -,Recruiting Assistant,@IanCormier10
Isaiah,Washington,New Mexico State,@NMStateFootball,Wide Receiver Grad Assistant,@coachiwash
Jackson,Eskierka,Lamar University,Lamar,QB COACH,@jacksonEskierka
Jason,Calman,LIU[e],Long Island University,California recruiting,@coachcalman
Jerone,Williams,Southeast Missouri State,Southeast Missouri State University.,Defensive Line Coach,@__CoachWilliams
Jerry,DiMinno,Northern Arizona,NORTHERN ARIZONA UNIVERSITY,"WR,Pass Game Coordinator",@JDiMinno
Jake,Dembow,Marist,Recruting,OC/OL Recruting,@Coach_Dembow
Joe,Begnal,Memphis,Boise State,Special Teams Quality Control Coach,@CoachBegnal
Jon,Davidson,UChicago,University of Chicago,Secondary Coach -,@UCCoachDavidson
Jared,Backus,Cornell University,Cornell,Defensive Coordinator,@Jaredbackus1
Jonathan,Michaeles,Bowdoin,Bowdoin College; BOWDOIN COLL.,Receivers/Co-Recruiting Coordinator,@CoachMichaeles
Jake,Stone,Tulane University,Tulane,Tulane Football Defensive Analyst,@FBCoachStone
Jamar,Johnson,Central Arkansas,University of Central Arkansas,Wide Receivers Coach,@coachjohnson126
Jamison,Brown,North Dakota State,North,Recruitng Assistant,@JamoBrown_
Jaren,Nickleson,University of St. Thomas,University Sioux Falls,RB Coach,@CoachNickleson
Jed, Stugart,Lindenwood,Lindenwood D2,Head Coach,@stugfb
Jeff,Banks,Texas,University of Texas at Austin,TE Recruiting,@personal cell
Jake,Rasmussen,Fresno State,Eastern Washington,Assistant Director of Recruiting,@jakerasmussen_
Jesse,Thompson,Mississippi Valley State,Northern Arizona,Defensive Coordinator,@CoachThompson6
Joe,Pawlak,North Dakota,North Dakota State,OL,@pawlakjoe
Joe,Seymour,Northwestern,North Dakota; the University of North Dakota; NORTHWESTERN UNIV.,Special Teams Assistant,@joe_seymour26
John,Leister,Central Michigan,Central Michigan University; CENTRAL MICHIGAN UNIVERSITY,Offensive Analyst,@Bocephus18
John,Wristen,Colorado State University‚ÄìPueblo,Colorado State University Pueblo,Head coach,@CoachWristen
Jon,Proto,University of Illinois at Urbana-Champaign,at the University of Illinois,Assistant Director of Personnel,@jon_proto
Jordan,Kalfon,Bucknell University,Bucknell,Director of Football Ops,@kalfonjordan
Jordan,Remsza,Quincy University,Quincy University (DII) ||,Defensive Backs Coach & Recruiting Coordinato,@CoachJ_Remsza
Josh,Drayden,"University of California, Berkeley",@Calfootball  |,Cal Grad Asst,@RealJoshDrayden
Jovon,Bouknight,Marshall,Kentucky; UNIV. OF WYOMING,Recruiting assistant,@Bouknows9
Juan,Soto,Wagner,Yale; East Carolina,WRS & QC,@coachsotoj
Justin,Johnson,Texas Tech,Baylor,Assistant Head Coach / Passing Game Coordinator / WRs,@kendalbriles
Kai,Ellis,Adams State University,Adams State,Assistant Head Coach/Defensive Coordinator/Defensive Line,@Coach_KaiEllis
Kapono,Roy Asuega,Texas A&M University‚ÄìKingsville,idaho,So Cal Recruting,@coachasuega
Kashif,Moore,UConn,Cornell; Colorado State,Wrs,@KashifMoore
Keith,Larson,Duke University,Bucknell,Special Teams Coordinator & Wide Receivers,@CoachKLars
Alex,Kurtz,Yale University,Boston College,Recruiting / Player Personnel Analyst,@AlexKurtzYale
Keiwan,Ratliff,University of Florida,Florida,Director of communication,@KeiwanRatliff
Kelvin,Clune,BYU,Cal Poly,LB'S,@( Personal Cell)
Keyshawn,Colmon,Sacramento State,Fresno State,WR'S,@KColmon
Khalil,Paden,Bryant,Bryant University,Wrs,@PadenFull13
Kieran,McDonagh,Portland State,pORTLAND,Quarterbacks,
Ameer,Riley,Colgate University,Colgate,Recruiting Coordinator,@coach_sh1ne
Kris,McCullough,GARDNER-WEBB UNIVERSITY,East Central University; at East Central University,Head Coach,@CoachK__Mac
Jordan,Malone,Washington State,Washington State University; Oklahoma State,Safeties/Nickels,@CoachMalone18
Kevin,Mashack,Texas A&M,Indiana University Bloomington,Director of player personnel,@CoachMashack
Kevin,Maurice,North Carolina Central,New Mexico State,Rbs/ Recruiting Coordinator,@CoachMo1804
Kurt,Kennedy,Samford,ULM,Recruiting Coordinator| TE,@CoachKMK2
Kyle,Derickson,Eastern Illinois,Eastern Illinois University,Follows you Associate Head Coach / Special Teams Coordinator WRs Coach,@CoachDerickson
Kyle,Kazakevicius,Louisiana,University Of Louisiana,Running backs,@Coach_Kylekaz
Landon,Keopple,Texas State,Hawaii,Assistant Wide Receivers,@LDKep
Larry,Scott III,University of West Alabama,Howard,Dline,@Larry_J_Scott
Lindsey,Lamar,Howard University,Howard; Pittsburgh,WR'S,@LindseyLamar5
Lorenzo,Ward,Chattanooga,Tennessee  Chattanooga,Defensive Coordinator / LB'S,@LorenzoLward
Malcolm,Agnew,Stanford University,Sac State,OC Recruiting,@M_80lane
Marcellus,Justin,Arizona Christian,Fort Lewis College,DB coach,@CoachM_Justin
Mark,Dupuis,Old Dominion,Old Dominion University,WR Coach -,@mark_dup
Mark,McDonough,WILLIAMS COLL.,Williams College,Assistant Coach,@Coach_MMac
Mason,Keeler,Seton Hill University,Wyoming,QB GA,@MKeeler5
Matt,Aponte,"University of California, San Diego",University of San Diego,Tight Ends- Orange County Recruiter.,@coach_MAponte
Matt,Clark,Tennessee Tech,University of New Mexico,QB GA,@CoachMClark
Matt,Ellerbrock,Houston,McNeese State,LB's,@CoachEllerbrock
Matthew,Gregg,Texas State,Incarnate Word,Corners,@_CoachGregg
Matthew,Smith,San Jose State,FRESNO STATE,RBS,@CoachSmith59
Matt,Kitchen,UC Davis,- UC Davis |,"Director, Football Operations",@Mattkitchen6
Matt,Weiss,University of Michigan,University of Michigan Football,| Co-Offensive Coordinator | QB Coach,@MattdblU
Luke,Berblinger,Southeast Missouri State,SEMO,Recruiting Coordinator @ SEMO üèà,@CoachBerb
Marcus,Hall-Oliver,James Madison,James Madison University; FRESNO STATE,Safeties/Recruiting Coordinator,@mhalloliver
Mark,Mods,LIU[e],UAB,Recruiting Coordinator,@MarkMods
MARSHALL,CHERRINGTON,"University of California, Berkeley",Cal,Director of Player Personnel,@MWCherrington
Matt,Ford,Bucknell,Bucknell University,Recruiting Coordinator/TE/Tackles,@IG: firdd79
Matt,Yoches,Miami (OH),@ MIAMI UNIVERSITY -,DFO,@CoachYoch
Matt,Zanellato,UMass,@UMassFootball,WR Coach   Asst. /Offensive Analyst |,@mzanellato
Max,Oeser,"Missouri S&T,",Missouri S&T,OL,@CoachOeser
Micah,Simon,Northern Colorado,Northern Colorad,WR Coach,@micahsimon_
Michael,Grant,Wyoming,University of Wyoming,Associate Head Coach Pass Game Coordinator WR Coach,@CoachMikeGrant
Michael,W. London Jr,William & Mary,Willam and Mary,(WR Coach),@CoachMLondonjr
Mickey,Fein,Harvard University,Harvard,"WR,OC) Mickey Fein",@micfein
Mike,Brown,Wisconsin,Cincinnati,Wide Recievers,@im_MikeB
Mike,Ferriter,Central Washington University,Idaho State; CENTRAL WASHINGTON UNIV.,"Offensive Coordinator /QBS, WR",@MFerriter
Mike,Fuhrman,Duquesne,Duquesne University,OLB Coach,@CoachFuhrm
Mike,Shanahan,James Madison,James Madison University; INDIANA UNIV.,Offensive Coordinator/Wide Receivers,@CoachShanahan_
Mike,Singletary,Sam Houston,Sam Houston State,Offensive Quality Control / High School Relations,@Singletary_28
Mike,Thiessen,Air Force,AIRFORCE,"Off. Coordinator, Quarterbacks",@Coach_Thiessen
Mitch,Dahlen,Fresno State,Oregon State,Offensive Analyst Qbs,@mitchdahlen4
Montell,Allen,University of Chicago,Lehigh,Defensive Coordinator,@CoachAllenLU
Morgan,Ford,Louisiana‚ÄìMonroe,Louisiana?Monroe formeryLamar,Quality Control,@iam_dbnation
Omar,King,Stony Brook,Stony Brook University Football; COLGATE UNIV.,Assistant football coach,@OKINGCOACH
Patrick,Allen,Utah State,1,Offensive Recruiting Analyst,@PatAllenUSU
Patrick,Markarian,Fresno State,| Fresno State,Offensive Assistant - TE‚Äôs,@CoachMarkarian
Phil,DeCapito,Pittsburgh,MEMPHIS; Pittsburg; BROWN UNIVERSITY,DEFENSIVE GA,@CoachPDeCapito
Pierre,Cormier,Arizona State,Idaho State,ST,@CoachPCormier
Preston,Brown,Maryland,Temple,ASST TE| Offensive Coordinator,@pgreat81
Pryce,Tracy,Idaho Vandals,Colorado State,RB?s / Recruiting Coord.,@CoachPTracy
Nic,Braaten,Colorado Mesa University,Colorado Mesa University Football,Linebackers Coach and Recruiting Coordinator,@nic_braaten
Nick,Copas,Emory and Henry College,Emory University,Recruiting Coordinator,@CoachNCopas
Pecos,Fort,New Mexico State,Montana,Director of Player Personnel,@CoachFort
Quinn,Schafer,University of Indianapolis,University of Indy,QBS,@coachschafer11
Reggie,Wells,Duquesne,| Duquesne Dukes |,Defensive Line Coach,@CoachRegWells
Cody,Swanson,UNIV. OF CENTRAL OKLAHOMA,Colorado State,Assistant Coach,
Robbie,Rouse,Cal Poly,North Dakota Football,Running Backs Coach,@coachRRouse
Robert,Spence,Georgetown,Georgetown University,Offensive Coordinator,@CoachRSpence
Roderick,Mcdowell,Jackson State,ULM,Running Backs | Player Personnel,@CoachRod_McD
Ryan,Barry,Northern Illinois,Northern Illinois University,Offensive Graduate Assistant   | Wide Receivers,@CoachRyanBarry
Ryan,Partridge,UMass,Arizona,Coordinator of High school recruiting,@CoachPart
Dave,Aoyagi,Claremont-Mudd-Scripps Colleges,Bowdoin College,Defensive line,@coachyog
Scott,Darnell,Northern Colorado,University of Northern Colorado,Defensive Coordinator,@coachscottyd
Scott,McDougall,Northern Michigan University,Northern Michigan,Football Operations/WR'S,
Scott,Mueller,Washington University in St. Louis,Washington University in St. Louis.,RB/ Recruting coordinator,@MuellerFBCoach
Scott,Phillips,jUCO,Toledo Football,Recruitng - Quality Control,@CoachScott_UT
Seth,Hestness,Iowa State,North Dakota State; ARMY WEST POINT,Tight Ends,@CoachHestness
Shane,Dowty,Western Illinois,Missouri S&T Football,QB's Coach/ Cali recruiter,@ShaneDowty
Shane,Marinelli,Florida Atlantic,FAU,Coordinator of High School Relations,@MarinelliShane
David,Josephson,Yale University,John Hopkins,Yale University Tight Ends CoachI JH Offensive Coordinator,@David_Josephson
Shann,Schillinger,University of Mary,Montana,Head Coach for The University of Mary | Safeties Coach Montana,@FBCoachShann
Shay,McClure,Southern Utah,Fort Lewis,LBS/ So Cal recruiting,@OGMacDC
Stanley,Franks Jr,Idaho,The University of Idaho,Cornerbacks Coach,@franks_coach
Steed,Lobotzke,Air Force,AIRFORCE,OLINE,@CoachLobotzke
Steve,Cooper,Boise State,Boise State Football,| QB‚Äôs,@CoachS_Cooper
Ryan,Mcnamee,UCLA,Formerly UNLV,Director of football operations,@RyanMcnamee
Doug,Mandigo,Middlebury College,Middlebury College Football,Defensive Coordinator - CA RECRUITING,@MiddFBMandigo
Steven,Ciocci,Bryant,Bryant College,Recruiting Coordinator,@CoachCiocci
Terrence,Brown,"University of California, Berkeley",CAL,DB'S,@CoachTB02
Tery,Sims,Bethune-Cookman,Bethune - Cookman,Head Coach,@CoachTerrySims
Tim,Keane,BOISE STATE UNIVERSITY,Boise State; Boise,Assistant Coach,@Coach_TKeane
Tim,Plough,UC Davis,Boise State,TE'S,@vintagePlough
Tim,Salem,Pittsburgh,Pittsburg,Tight ends,@CoachTimSalem
Tony,Coaxum,Bluefield State University,Bluefield State College,HEAD COACH,@CoachCoax17
Travis,Johansen,South Dakota,University of South Dakota,Defensive Coordinator,@CoachTJohansen
Trent,Steelman,Eastern Kentucky,Eastern Kentucky University,Qb coach,@Trent_Steelman
Trey,Odom,OKLAHOMA BAPTIST UNIV.,Oklahoma Baptist University; Oklahoma Baptist,Assistant Coach,@treyodom4
Tyler,King,University of Illinois at Urbana-Champaign,Northern Colorado; Charlotte,Oline,@Coacher_King
Tyler,Osborne,Stanford University,Sac State,WR's,@Coach__Osborne
Tyler,Santucci,Duke University,Texas A&M,Defensive Coordinator,@CoachSantucci
TyQuan,Hammock,Edinboro University of Pennsylvania,Edinboro,Linebackers,@Coach_Hammock
Van,Ackeren,Arkansas Tech University,Colorado State University?Pueblo,Corners Coach,@coachKVA
Vic,Shealy,Houston Christian,Houston Baptist,Head Football Coach - HBU Huskies,@VicShealy
Winterhawk,Leighton,"University of California, Berkeley",Central Washington University,OL ANALYST,@Coach_Leighton
Zach,Goodhue,South Florida,USF,Coaches Recruiting Assistant (CRA),@ZachGoodhue
TANA,VEA,San Diego State,Weber State,Recruiting Coordinator / WR,@Tana_Vea
TJ,Denson,Franklin & Pierce,Franklin Pierce University,"- Recruiting Coordinator, Defensive Backs Coach!",@Coach_Denson863
TODD,BRADFORD,Oklahoma State,OK STATE,DIRECTOR OF FOOTBALL RECRUITING,@CoachRTBradford
Zachary,Kramme,Western Kentucky,Western Kentucky University,Director of Scouting,@TheKramme
Zach,Grant,Southern Illinois,Western Illinois; Colorado State,WR Coach Regional Recruiting Coordinator,@CoachGrant_12
Hunter,Williams,Brown University,Brown,@ahunterwilliams,@ahunterwilliams
Jeffery,Comissiong,Maine,Cornell,Defensive Coordinator,@jeffcomissiong
Jeff,Housmann,Pugent Sound,Puget Sound,DC/ Safeties,@CoachHousman
Jeffrey,Friedman,Hamilton College,Hamilton,"Rbs, Recruits southern California",@CoachJFriedman
Kyle,Archer,Wesleyan University,Wesleyan,Passing Game Coord. / QB Coach / Recruiting Coord.,@Coach__Archer
Laz,Mitjans Jr.,Harvard University,HarvardFootball,|| RBs Coach || UMass Alum ||,@LMitjans_17
Logan,Johnson,Harvard University,Harvard,California recruiting - (DE'S ),@Coach_Johnson76
Mark,McMaster,Lehigh,Yale,Tight Ends Coach || Recruiting: So. Cal.,@LU_CoachMac
Mark,Rosenbaum,Princeton,Princeton University,Offensive Coordinator/Quarterbacks Coach,@coachrosenbaum
Matt,Cerins,Yale University,YALE,Yale TE & So Cal WR,@CerinsMatt
Ryan,Paquette,Middlebury College,Middlebury,Recruiting Coordinator,@FBCoachPaquette
Sam,Belkin,Trinity College,Trinity,Wide Receivers/Recruiting Coord.,@Coach_Belkin
Sky,Mornhinweg,Columbia University,Columbia,QB coach Cali recruiting,@coachmornhinweg
Ricky,Ciccone,Toledo,Iowa State,Director of Player Personnel & Recruiting Coordinator,@RickyCicconeUT
A.,Highsmith,Miami (FL),University of Miami,General Manager,@alonzohighsmith
Andrew,Schnoebelen,Memphis,The University of Memphis.,Director of Football Operations,@A_Schnoebelen
Andy,Wang,Northern Illinois,University of Colorado,Assistant Director of Player Personnel,@CoachAWang
Bryan,Robbat,Merrimack,Merrimack College,CBs Coach |Recruiting Coordinator | Special Teams,@CoachRobbatMC
Casey,Brink,Augustana University,Augustana University |,| Recruiting CoordinatorWR Coach | Pass Game Coordinator  |,@CoachCBrink
Jensen,Gebhardt,Michigan State University,Michigan State,Recruiting Coordinator,@coachGebhardt
Joshua,D Nash,SMU,UC DAVIS,ASSISTANT - Director of Football Operations,@jdnash33
Logan,Meyer,Miami Ohio,Toledo,Director of player personnel,@LoganM_MU
RJ,Ghilarducci,Valparaiso,Valpo,Recruiting Coordinator/DL,@coach_RJG
T.J.,Randall,Houston,HTownU,Assistant Director of Player Personnel,@TJ_Randall12
Will,Cinelli,Ball State,BALL ST. UNIV.,Executive Director of Player Personnel & Recruiting,@CoachWCinelli
Robert,Conley,WEBER STATE UNIVERSITY,Weber State,Assistant Coach,@CoachConley66
Corey,Phillips,Colorado,Memphis,Director of Player Personnel,
Coady,Keller,Miami (OH),Miami OH,Recruiting Coordinator,@CoadyKeller1
Darryl,Jackson,Brown,BROWN UNIVERSITY,California recruiting,@coachDjackson1
Kyle,Krantz,Liberty,Colorado State,Co-Defensive Coord./Secondary Coach,@coachkylekrantz
Joe,McLain,Western Colorado,Western Colorado University,QB Coach / Passing Game,@joemclain13
Matt,Mitchell,Colorado State,Wisconsin; BRIGHAM YOUNG UNIV.,Passing Game Coordinator / Quarterbacks,
David,Hill,Georgia,Colorado State,Player Connection Coordinator,
Matty,Ah You,Colorado State,Weber State,Assistant Defensive Backs / Nickelbacks,@matty_ahyou
Alex,Collins,Ole Miss,Colorado State,"Assistant AD, Recruiting CA",@Collins_OleMiss
David,Lose,Former Oregon State,SAN DIEGO STATE,Defensive  LINE / Former GA,
Coach,Hunkie Cooper,San Diego State,UNLV,Wide receivers,@coachcooperSDSU
Cole,Dial,JSU Football,Jackson State; WEST VIRGINIA UNIVERSITY,Director of Football Operations,@dialcole13
Josh,Irvin,UCLA,San Jose State; SAN JOSE STATE UNIVERSITY,Recruiting Analyst,@CoachIrv_
Brian,Hendricks,Illionios State,Wyoming; UNIV. OF WYOMING,Defensive Ends Coach,@CoachBHen
Chris,Coulter,Wake Forest,Wake Forest University,Recruiting Coordinator,@ChrisCoulter_WF
Beyah,Rasool,Arizona,Bowling Green,Defensive Analyst,@CoachBeyRasool
Cherokee,Valeria,Sac State,Kent State; KENT ST. UNIV.,Defensive Passing Game Coordinator/Cornerbacks/Pro Liaison,@CoachCherokee
Jason,Miran,Bucknell University,Northwood University,California recruiting ( OC ),@CoachJasonMiran
Daniel,Modelski,Central Michigan,Mississippi State,Quarterback Graduate Assistant Coach -,@CoachModelski
Adam,Clark,NORTHERN ARIZONA UNIVERSITY,NC State,Assistant Coach,@Coachbwright4
Jason,Allan Challeen,University of Jamestown,Univeristy of Jamestown,"Offensive Coordinator, Cali recruiter",@Coach_Challeen
Bo,Montgomery,South Dakota School of Mines,South Dakota School Of Mine,Special Teams Coordinator  / Defensive Line Coach South Dakota School of Mines (D2-RMAC),@bowanmontgomery
CHRIS,BOWERS,Bucknell University  formerly Eastern Illinois,Bucknell University,Defensive Coordinator,@Coach_Bowers
Charles,Mack,UTAH STATE UNIVERSITY,Virginia; University of Virginia,Assistant Coach,@charlesmack19
Caleb,Kizewski,ADAMS ST. UNIV.,Emporia State University,Assistant Coach,@Coach_Kizewski
Joe,Manion,| Harvard Football,Harvard University; Columbia,Director of Football Operations | Recruiting Coordinator,@CoachManion_
Dowell,Loggains,APPALACHIAN ST. UNIV.,Arkansas,Head Coach,@Dowell_Loggains
Adam,Morris,| EIU |,Eastern Illinois; Ball State,Defensive Line Coach | Recruiting Coordinator,@CoachMorris_
Haleigh,Blocker,Texas State Football |,Texas State,Director of Operations,@BHaleigh
Brett,Shockley,Ouachita Baptist Univ.,Ouachita Baptist University,OL/TE & Recruiting Crd,@CoachShock_OBU
Brad,Tiernan,TE Coach|,Sacred Heart,Sacred Heart University,@CoachTiernan
Erik,Losey,EASTERN KENTUCKY UNIVERSITY,Eastern Kentucky,Recruiting Coordinator,@Erik_Losey
Cameron,(C.J.) Robbins,University of South Dakota,South Dakota,Outside Linebackers Coach,@Coach_CJRobbins
James,Gilbert,University of Central Oklahoma,Purdue,GA OFFENSIVE,@i_am_jg6
Delbert,Tyler II,@ Robert Morris University,Robert Morris,Recruiting Co for Offence/TE?s Coach,@coachtyler34
Alex,Devine,Utah State University,Duke University,Defensive Line Coach,@CoachAlexDevine
Jordan,Howard,BYU-,BYU,Tight Ends GA,@jay_howw
Geno,Ramsey,University of New Mexico Football,New Mexico,I Director of Recruiting,@GenoRamsey
Beca,Perez,Army,San Jose State; SAN JOSE STATE UNIVERSITY,RECRUITING COORDNIATOR,@TheBecaPerez
Billy,Ray Stutzmann,San Jose State,SAN JOSE STATE UNIVERSITY,Senior Offensive Analyst,@BRayStutzmann
Cody,vonAppen,Cal Poly,Searching ,Defensive Coordinator - Safeties,@CodyvonAppenCPU
Tim,Roschmann,Northern Arizona,NORTHERN ARIZONA UNIVERSITY,Recruiting & Player Personnel,@TimRoschmann
Vincent,Gullia,NC State,Colorado State,Assistant Director of Player Personnel,
Justin,Green,Montana,UNIV. OF MONTANA,Recruiting Coordinator/Running Backs,@GrizCoachGreen
Evan,Butts,Virginia,University of Virginia; UTAH STATE UNIVERSITY,Offensive Recruiting Coordinator,@coachbuttsUVA
Roger,Cooper,Montana State,Montana; UNIV. OF MONTANA,California recruiting,@coachcooperUM
CJ, Conrad,Kent State,KENT ST. UNIV.,Special Teams Coordinator / Tight Ends Coach,@coachcjconrad
Mohamed,Ibrahim,Kent State,KENT ST. UNIV.,Running Backs Coach,@_moibrahim
Kerry,Dixon,Kent State,UConn,Wide Receivers Coach,@Coach_K2
Malcolm,Robinson,Kent State,KENT ST. UNIV.,Rush Ends Coach,@mmrob75
Kevin,Snyder,Kent State,KENT ST. UNIV.,Linebackers Coach,@CoachSnyder45
Pat,White,WEST VIRGINIA UNIVERSITY,West Virginia,Asst to HC,@coachpatwhite
Chris,Haering,WEST VIRGINIA UNIVERSITY,West Virginia,Assistant Coach,@HaeringChris
Andrew,Warwick,WEST VIRGINIA UNIVERSITY,West Virginia,Assistant Coach,@CoachAWarwick
Ryan,Nehlen,West Virginia,WEST VIRGINIA UNIVERSITY,Assistant Receivers Coach,@coachryannehlen
Derek,Dressler,West Virginia,WEST VIRGINIA UNIVERSITY,Assistant Offensive Line Coach,@coach_dressler
Noel,Devine,West Virginia,WEST VIRGINIA UNIVERSITY,Offensive Analyst/Assistant Running Backs Coach,@noel_devine7
Jordan,Paopao,Washington,UNIV. OF WASHINGTON,Tight Ends Coach,
Brandon,Harris,Texas,Florida,"General Manager, Football",
Josh,Crawford,Bowling Green,BOWLING GREEN ST. UNIV.; Georgia,Assistant Coach (Running Backs),@CoachCraw_
Marielle,McLoughlin,Houston,North Texas,Assistant Director of Operations,
Wide,Receivers Coach,MSU Moorhead,Illinois; Minnesota,mark.martin@mnstate.edu,
Keith,Heckendorf,ARKANSAS STATE UNIV.,Iowa State,Assistant Coach,@CoachHeck_
Preston,Gordon,BUTLER UNIVERSITY,Iowa State,Assistant Coach,@PrestonnnG99
Offensive,Coordinator,Central Washington,Jacksonville State; East Stroudsburg; Mary (U-Mary),"Grand Valley State, 2015",
Linebackers,,SW Minnesota St.,Tuskegee; Valdosta State; Jacksonville State,carter.schmitz.2@my.smsu.edu,
Head,Strength and Conditioning Coach,Slippery Rock,Missouri Southern; Jacksonville State,connor.olson@sru.edu,
Bob,Chesney,James Madison,UCLA,Head Coach,
Dean,Kennedy,James Madison,UCLA,Offensive Coordinator/Quarterbacks,
Colin,Hitschler,James Madison,UCLA,Defensive Coordinator,
Drew,Canan,James Madison,UCLA,Special Teams Coordinator/Tight Ends,
Anthony,DiMichele,James Madison,UCLA,Safeties/Recruiting Coordinator,
Eddie,Whitley Jr.,James Madison,UCLA,Cornerbacks,
Sam,Daniels,James Madison,UCLA,Defensive Line,
Greg,Wandy,UCLA,James Madison,"Assistant Director, Athletic Performance",
Richard,Rodgers,James Madison,UCLA,Associate Head Coach,
Chris,Grautski,UCLA,James Madison,"Director, Athletic Performance",
Jack,Sprague,UCLA,James Madison,"Associate Director, Athletic Performance",
Mike,Schmidt,SAN DIEGO STATE,Kansas State,Assistant Coach,@CoachM_Schmidt
Scott,Stolz,Bowling Green,BOWLING GREEN ST. UNIV.,Defensive Quality Control,
Matt,Miller,BOISE STATE UNIVERSITY,WASHINGTON ST. UNIV.,Assistant Coach,@2mattmiller
Collin,Shank,Texas Tech,ARMY WEST POINT,Defensive Assistant (Secondary),@coach_shank
Clyde,Simmons,Bowling Green,BOWLING GREEN ST. UNIV.,Assistant Coach (Defensive Line),
Bruce,Johnson,BOWLING GREEN ST. UNIV.,Bowling Green,Assistant Coach,@BruceSJohnson
Jatavis,Sanders,UNIV. OF ALABAMA,Alabama,Dir./Player Personnel,
Larry,Knight,West Virginia,ARKANSAS STATE UNIV.,Edges/Pass Rush Specialist,
Skyler,Cassity,Oklahoma State,OKLAHOMA STATE UNIVERSITY,Defensive Coordinator,
Sean,Brophy,Oklahoma State,OKLAHOMA STATE UNIVERSITY,Offensive Coordinator / Quarterbacks,
Eric,Morris,OKLAHOMA STATE UNIVERSITY,Oklahoma State,Head Coach,@__coachmorris
Aaron,Hunt,Baylor,BAYLOR UNIV.,General Manager,@huntrealty1
Desmond,Lindsey,Mississippi State,UNIV. OF TEXAS AT EL PASO,Assistant Wide Receivers Coach,
Aaron, Foster,Toledo,UNIV. OF TEXAS AT EL PASO,Cornerbacks Coach,
Jacob,White,Northwestern,NORTHWESTERN UNIV.,Assistant Linebackers Coach,@coachcobwhite
Zac,Krause,Northwestern,NORTHWESTERN UNIV.,Assistant Wide Receivers Coach,@zac_krause
Aristotle,Thompson,Northwestern,NORTHWESTERN UNIV.,Running Backs Coach,@coachat23
Tim,McGarigle,Northwestern,NORTHWESTERN UNIV.,Defensive Coordinator (Linebackers),@coach_mcgarigle
David,Braun,Northwestern,NORTHWESTERN UNIV.,Dan and Susan Jones Family Head Football Coach,@CoachSmith_9
James,Price,Kansas,UNIV. OF NEVADA,Offensive GA,@coachprice80
Matt,Doherty,Washington,UNIV. OF WASHINGTON,Senior Director of Player Personnel,
Assistant,Coach,UAB,UNIV. OF WASHINGTON,Hindley Brigham,
Ryan,Walters,Washington,UNIV. OF WASHINGTON,Defensive Coordinator,
Jedd,Fisch,UNIV. OF WASHINGTON,Washington,Head Coach,
Michael,Switzer,Washington,UNIV. OF WASHINGTON,Offensive Line Coach,
Chris,Petrilli,Washington,UNIV. OF WASHINGTON,Special Teams Coordinator,
Aaron,Van Horn,Washington,UNIV. OF WASHINGTON,Outside Linebackers Coach,
Taylor,Mays,UNIV. OF WASHINGTON,Washington,Assistant Coach,
Scottie,Graham,Washington,UNIV. OF WASHINGTON,Running Backs Coach,
Jason,Kaufusi,Washington,UNIV. OF WASHINGTON,Run Game Coordinator & Defensive Line Coach,
Jimmie,Dougherty,Washington,UNIV. OF WASHINGTON,Offensive Coordinator & Quarterbacks Coach,
Kevin,McGiven,Utah,UTAH STATE UNIVERSITY,Offensive Coordinator,
Treylen,Brown,WEST VIRGINIA UNIVERSITY,West Virginia,Assistant Coach,@TreylenBrown
Henry,Weinreich,West Virginia,WEST VIRGINIA UNIVERSITY,Nickels/Sams Coach,@coachweinreich
Rod,West,West Virginia,WEST VIRGINIA UNIVERSITY,Cornerbacks Coach,@coachrodwest
Rhett,Rodriguez,West Virginia,WEST VIRGINIA UNIVERSITY,Quarterbacks Coach,@rhett_rod
Michael,Nysewander,West Virginia,WEST VIRGINIA UNIVERSITY,Tight Ends Coach,@nyseandeasy
Pat,Kirkland,West Virginia,WEST VIRGINIA UNIVERSITY,Special Teams Coordinator/Defensive Assistant Coach,@coachpkirkland
William,Green,West Virginia,WEST VIRGINIA UNIVERSITY,Defensive Line Coach,@coach_willgreen
Ryan,Garrett,West Virginia,WEST VIRGINIA UNIVERSITY,Wide Receivers Coach,@coachrgarrett
Gabe,Franklin,WEST VIRGINIA UNIVERSITY,West Virginia,Assistant Coach,@CoachGF628
Jeff,Casteel,WEST VIRGINIA UNIVERSITY,West Virginia,Assistant Coach,@CoachJCasteel
Logan,Bradley,West Virginia,WEST VIRGINIA UNIVERSITY,Inside Receivers Coach,@CoachBradleyWVU
Zac,Alley,West Virginia,WEST VIRGINIA UNIVERSITY,Assistant Head Coach/Defensive Coordinator/Linebackers,@coachzalley
Derham,Cato,Missouri,WASHINGTON ST. UNIV.,Offensive Analyst,@CoachCato1
Defensive,Coordinator,Findlay,Minot State; Lincoln (MO); Louisiana Tech,rebholz@findlay.edu,
Defensive,Line Coach,Newberry,TAMU-Kingsville; Savannah State; Quincy; Barton; Louisiana Tech,Stephen.Moye@newberry.edu,
Safeties,Coach,UT Permian Basin,Louisiana Tech,gollman_m@utpb.edu,
Assistant,Defensive Line Coach,Michigan Tech,Louisiana Tech,ajsaters@mtu.edu,
Assistant,Defensive Backs Coach,MSU Moorhead,Minnesota; Louisiana Tech,cody.cooper@mnstate.edu,
Ryan,Wallace,Oregon State,Louisville,Co-Offensive Coordinator/Tight Ends,
Telly,Lockette,Memphis,Southern Miss,Assistant Head Coach / Running Backs,
Aaron,Dobson,Memphis,Southern Miss,Wide Receivers,
Dominique,Bowman,Memphis,Southern Miss,Defensive Backs / Safeties,
Reed,Grable,Memphis,Southern Miss,Assistant General Manager,
Kate,Roll,Memphis,Southern Miss,Director of Football Administration / Head Coach Operations,
Ben,Ashford,Memphis,Southern Miss,Director of Football Athletic Performance,
Drew,White,Memphis,Southern Miss,Assistant Director of Athletic Performance,
Aaron,Estes,Southern Miss,Memphis,Head Athletic Trainer for Football,
Jack,Jacoby,Memphis,Southern Miss,Director of Player Personnel,
Mat,Rumshock,Memphis,Southern Miss,Director of Football Technology,
Offensive,Coordinator / Quarterbacks,North Greenville,Henderson State; Arkansas-Monticello; Minnesota,Dustin.Noller@ngu.edu,
Corey,Bell,Mississippi State,Rice,Assistant Football Coach (Cornerbacks),@coachcbell26
Jarae,Thurmond,Western Kentucky,North Texas,Director of Player Personnel,@coachthurm87
Head,Coach,Millersville,Missouri Western; Findlay; Charleston (WV); West Virginia State; Lincoln (PA); SE Oklahoma St.; Minot State; Bluefield State; Glenville State; Delta State; Northern Illinois; Barton; North Greenville; East Stroudsburg; Grand Valley St.; UAB,drew.folmar@millersville.edu,
Zach,Peters,Northwestern,Oklahoma,Director of High School Scouting,@PetersNUFB
Darrian,Wilson,Kansas,Oklahoma,Defensive Assistant @ Univ of Kansas,@CoachDJWilson
Trey,King,KENT ST. UNIV.,Pittsburgh,Dir/Player Personnel,@Coach_Middleton
Alec,Brown,Georgia Tech,Southern Miss,Defensive GA & LB's at Georgia Tech,@CoachAlecBrown
Director,of Football Operations,Wingate,Pittsburg State; Slippery Rock; Texas State; UAB,br.santiagoswindell2@wingate.edu,
Wide,Receivers,Grand Valley St.,IUP; Tulane,olsonrya@gvsu.edu,
Athletic,Trainer,Bemidji State,UNC Pembroke; Tulane,Kayla.Montgomery@bemidjistate.edu,
Assistant,Offensive Line Coach,Virginia Union,Pace; UAB,Football@vuu.edu,
Aaron,Amaama,UTAH,USC,Recruiting Assistant,@thatoneguydog
Graduate,Assistant,Delta State,Pittsburg State; Wyoming,clott@deltastate.edu,
Eddy,Morrissey,Brown,BROWN UNIVERSITY,"Assistant Coach, Offensive Line and Run Game Coordinator",@CoachEMorrissey
Defensive,Tackles,Bemidji State,Arkansas Tech,marcos.watkins@bemidjistate.edu,
Running,Backs,Augustana (SD),Bemidji State,mjtaylor20@ole.augie.edu,
Head,Football Coach,Savannah State,Missouri Southern; Western Colorado; Harding; Wayne State (NE); Henderson State; Fairmont State; Winston-Salem St.; Livingstone; Midwestern State; Benedict; Lincoln (MO),keltona@savannahstate.edu,
Offensive,Coordinator / Quarterbacks Coach,Bluefield State,Glenville State; Newberry,kwillisauger@bluefieldstate.edu,
Assistant,Coach - Defensive Coordinator,Missouri Western,Pittsburg State; Chowan,ejohnson27@missouriwestern.edu,
Head,Athletic Trainer,Clarion,Colorado Mesa; Lincoln (MO),mchesterfiel@pennwest.edu,
Assistant,Football Coach - Wide Receivers,Colorado Mesa,Midwestern State; Western Colorado,rwhittington@coloradomesa.edu,
Assistant,Coach - Wide Receivers,Missouri Western,Delta State,abell4@missouriwestern.edu,
Assistant,Coach - Defensive Line,Missouri Western,Post; Delta State; Lock Haven,mgallo@missouriwestern.edu,
Offensive,Coordinator / Offensive Line,SW Minnesota St.,Emporia State,douglas.patterson@smsu.edu,
Offensive,Coordinator/Wide Receivers,West Florida,Fairmont State,dbaker1@uwf.edu,
Head,Strength & Conditioning Coach,Fairmont State,Midwestern State; Lincoln (MO),Adam.Kolberg@fairmontstate.edu,
Associate,Head Coach/Offensive Coordinator,Fort Valley St.,Ohio Dominican,willie.totten@fvsu.edu,
Graduate,Assistant / Defensive Line,Midwestern State,Henderson State,dylan.watts@msutexas.edu,
Assistant,Football Coach - Defensive Coordinator,Western Colorado,Midwestern State,tauer@western.edu,
Assistant,Football Coach - Offensive Coordinator,Western Colorado,Midwestern State,jmclain@western.edu,
Assistant,Football Coach ‚Äì Offensive Line,Western Colorado,Midwestern State,jroy@western.edu,
Linebackers,Coach,Minot State,MSU Moorhead,thomas.langford@minotstateu.edu,
Assistant,Coach - Offensive Coordinator,Missouri Western,Pittsburg State,tthrock@missouriwestern.edu,
Assistant,Coach - Running Backs,Missouri Western,Pittsburg State,pstlouis@missouriwestern.edu,
Assistant,Coach / Tight Ends,Pittsburg State,Missouri Western,crieken@pittstate.edu,
Brandon,Fisher,BOWLING GREEN ST. UNIV.,Bowling Green,Assistant Coach,@CoachBFish25
Armstrong,,WILLIAM AND MARY,William & Mary,OFFENSIVE QUALITY CONTROL,@Coach_Armstrong
Jake,Menage,Iowa State,South Dakota State,Assistant Wide Receivers,@J_Menage3
D,"Wil, M. Ed",Albany State University,Fresno State,Director of Recruiting Operations,@___Dwil
